X,Y,Z,Label
4.033546691603441,0.5744641829168404,-0.051913218457432964,1.0
0.08780403360506961,6.264124765759953,-0.0006582216736126063,1.0
6.853364431923584,-1.5454697997441627,0.05372562201515997,1.0
-6.997597185455862,-1.0082168940430314,-0.08503759894476975,1.0
0.7609540738849783,0.5452537968831894,-0.03675777469916726,0.0
-4.724193011045889,-4.1483879970713025,-0.14799171163053948,1.0
6.489640458365125,-0.07189360159670545,0.040203728864483035,1.0
2.1208116399872012,-6.088042923003279,-0.01293239043250556,1.0
-3.503181145155559,2.6523068930613682,-0.15686650269877847,1.0
0.358103476620745,-0.43856826001510035,0.07179306146770019,0.0
1.865164505280521,-4.396719374103084,-0.15653874162612635,1.0
2.7071122888280104,1.2842931468139251,-0.005493653029585766,1.0
2.1833470922985274,-3.3515061430099053,0.0661684911111376,1.0
-3.6224044774086295,-0.8242685120940232,0.07896528117473628,1.0
4.070222161866671,-0.23144984726360943,0.051662158928765856,1.0
0.31924169609056796,-7.271962645777371,-0.01931196321620817,1.0
-4.846908074687534,-0.6774126980309901,0.0173092572626726,1.0
4.416655456815749,-5.411579273974599,0.011147554932674587,1.0
-3.443068537707119,-3.4550044625267238,-0.06405909854824286,1.0
1.2762508117166704,6.385701139048984,-0.00552602117363722,1.0
-3.3506271393093523,3.1695807972894157,0.021130113194868176,1.0
-1.9298062615666953,-3.1585081857086252,-0.043736486853873914,1.0
0.8755796010798731,-1.268227693164388,0.048679216810049636,0.0
-5.9573179703360974,0.12206040016627873,-0.04734641815038012,1.0
-0.10340060838539623,0.7939630364752654,-0.13018623287859657,0.0
-0.5859768976471482,-0.4906352512972078,-0.018635551868781585,0.0
-0.75858766993519,5.76681929301286,0.01435334675501871,1.0
-4.751801534754947,3.0950484076517233,-0.11055936368116824,1.0
-2.7327273293583447,-4.383790223387978,-0.0963656118770197,1.0
-3.1117317633972412,4.203571593240373,0.04721978934908945,1.0
-6.957617346269209,-0.5903287868278289,0.16902740913995856,1.0
7.974004593306972,1.1504791091988418,0.043579009766974604,1.0
2.0959680107162457,-6.971823392452202,-0.06980656783462139,1.0
-2.052517121346692,-5.180845263551283,-0.09928796718653608,1.0
2.681514503597721,2.8226103955482906,0.04683797481557824,1.0
-1.3436601220683608,6.66443048450605,-0.05369125939929427,1.0
0.1351500803123041,0.24092285677674327,0.10732501863193405,0.0
7.953778110359424,-1.7036021342923657,-0.1065256188870471,1.0
2.1517933563579352,-2.6720425742448604,-0.0430038116826284,1.0
-5.481789198189391,-0.1245627555584703,0.05552124929671262,1.0
0.6359194594661113,-5.992296539426824,-0.06703563946179701,1.0
0.49283831212424434,6.829784219226702,0.023303018206066107,1.0
6.550594736750803,-0.066256301014066,-0.0905321740362276,1.0
7.271928677015195,-0.7242951218805043,-0.07193821078614569,1.0
7.082901381630265,-0.4490280281864572,-0.04558161923450821,1.0
6.290497341743442,-0.06100341341741798,0.14898145659603554,1.0
0.5466192092381928,7.746964327554686,-0.031988800087253674,1.0
5.479690247233254,0.654855726150732,0.08008241841531098,1.0
4.90228631154807,-1.1282212143673644,-0.11559470916024735,1.0
4.15506131682711,-2.9559003760985276,-0.10439840986229731,1.0
-1.4987258437209217,-2.6812364887789153,0.1990610898977865,1.0
2.017919444001628,3.795519066557241,0.03760619371128038,1.0
-3.353625920126579,-3.739238443079236,-0.1751054357019824,1.0
-5.7348017282307095,-0.4871372268101317,-0.02818670643026109,1.0
6.303055319505479,-2.2134836241530382,-0.16201132999755452,1.0
-1.2966391191701818,-0.49706238528155916,0.04517606886815886,0.0
4.742305211156527,-3.3086172209761093,-0.15026871314266943,1.0
-0.5147775074660228,0.9112608798355302,0.22675218992660318,0.0
-0.6739703963148577,-6.211351217467623,-0.008857390046606885,1.0
4.657102585517274,-0.847594150374454,-0.07403411365219426,1.0
-0.5506929605753679,-6.03812034649481,0.1505772732411057,1.0
1.6919685290931108,-3.5679205115319887,0.11088480363901435,1.0
3.4546324743708947,-1.6890584888238473,-0.01646606918527125,1.0
-8.174697464973526,-1.4114861614327592,-0.2374349099223502,1.0
1.1231942267797768,-5.1379470114161725,0.0010038570155448546,1.0
-3.5229603242561844,2.1470577695417985,0.05494143223824151,1.0
-0.24895866224276136,5.808139610355297,0.0340564857593209,1.0
-3.255847475727136,-3.1690736173752927,-0.08859864115801332,1.0
-0.728615172268803,-5.365734577267091,-0.10082846918300103,1.0
4.256265140905297,2.2283525923696716,-0.07397479725183681,1.0
-0.7710700690308459,2.915987274704187,-0.005871630916208126,1.0
-2.0048482266818426,7.91115685393811,0.0064075491966540474,1.0
0.9178006962110854,-6.003556680787683,0.014661596005416248,1.0
1.4424738501313672,-6.024898302641733,-0.1937320037263789,1.0
-2.399482418503924,-3.575582908613633,0.034044993690816844,1.0
-0.3742999632698059,-0.31559220371776137,0.0417205084960203,0.0
-0.5852273539014802,0.2646053698507191,-0.008754301688848411,0.0
2.320932266949468,4.286186287501759,-0.10844797605335631,1.0
6.706034583327891,-0.0317840300412336,0.06132610763671157,1.0
0.5808136559677678,0.000254462112748371,-0.03283599674416831,0.0
0.6667364692167568,0.1865041742151889,-0.08489513267898467,0.0
3.7711471638625134,-2.5977631635233482,-0.06871806302074182,1.0
-3.1346456130339324,5.212251912619383,0.012868787476142982,1.0
-6.838697776945101,-0.6292596500833956,0.10281629453942108,1.0
-2.109756320646552,-2.604052960386342,-0.04597078072251887,1.0
1.2070007384971013,-0.5558618433627878,0.1648982565132681,0.0
-2.1601332445282218,-4.362984147641467,-0.12007118392530264,1.0
8.687089395655262,-0.020321573287783477,0.12615344984840263,1.0
0.6147057918294724,-0.3589451924813821,-0.03098298098444473,0.0
0.026179261489514462,-0.45127914081488113,0.028593485205214354,0.0
3.0313308794143596,-4.087235333468098,0.026846413357377114,1.0
-4.614084338749403,1.7357591247111204,-0.004568388967978396,1.0
0.2933473470574586,-6.41981608117289,0.014972881062758675,1.0
6.286127916321201,-0.07043100252813869,-0.13568460091301734,1.0
0.5527239168934039,-6.713781984672326,0.057634457006313006,1.0
7.223061738516341,1.114934423891349,-0.02281464566492993,1.0
-6.434141457489587,1.3960988805568162,0.13004916965363386,1.0
1.498937984999602,2.5665540026831763,-0.05255473986901106,1.0
-3.31140403588977,1.92521907914552,0.07915763542994339,1.0
-4.471441773036989,2.605872751599014,0.020946283977145982,1.0
6.982365344243624,1.5717781943668028,0.19563358748086002,1.0
0.09192675185805976,-4.261066902592822,-0.10321109440625816,1.0
6.415899969733558,-1.1382783715880722,-0.16106635218130627,1.0
-2.4825230536193525,2.1414712971728718,0.09756070693431879,1.0
0.21223835980827385,7.693990946023266,-0.07772961964921267,1.0
-1.063385147351067,-0.3652123639294354,-0.026752928077275164,0.0
-1.487735055006837,-6.225006865682469,0.0212312441534262,1.0
3.1572445659461943,-4.498234385248363,-0.04633928722627775,1.0
0.05207579843898851,5.948267752503366,0.08971145096149026,1.0
3.3164464250694583,-2.223060101903206,0.12880042768461564,1.0
-3.0156706690908166,-3.78927211513031,-0.043202708179829054,1.0
0.5309399516677945,-1.0312678623925924,-0.11822031016591553,0.0
3.5976832601046165,-2.683071781793556,-0.17298185825675813,1.0
2.438412866005678,-1.5553246634828988,-0.11598128119224754,1.0
-6.118238197862854,1.7676634990159157,-0.04532376174337216,1.0
3.201895976650853,1.8817453173969532,0.086396011379295,1.0
-1.295508925352917,-5.541201260478885,-0.06345838836237766,1.0
-2.3254966239975783,-1.7907992828270787,-0.07437232022713987,1.0
3.5256466221143246,-3.267497155140391,0.11534677311201853,1.0
4.271747629206986,1.627054383639871,0.01886489651177421,1.0
0.32577703260381824,4.238776187442911,-0.18502817748340972,1.0
5.579582397658312,0.4357960961120066,0.04317686368920504,1.0
2.3849322376884303,-2.666062131929995,0.0969011876776863,1.0
-0.6138049590232729,-5.756973251718513,-0.09852836241757146,1.0
-0.08906969141601753,0.548911782263405,-0.09838127364008803,0.0
6.454132917518825,-0.13662942323100835,-0.05060791593078177,1.0
-2.387911588792636,5.197208117103951,0.14254407278157966,1.0
0.41329926792457816,6.4876625621622015,0.11370717500167318,1.0
-5.478650270382464,0.4882259102217616,0.08816312118149322,1.0
-7.3361125358107895,1.4276748784714142,-0.08255559483473818,1.0
-2.6910347656800573,1.7930401634729822,-0.06352379198037811,1.0
4.898642262779319,-0.3168619279038412,0.11611111344875957,1.0
-4.925253301133177,4.103440311967429,0.01963196055244245,1.0
-4.743071765294588,-1.135342176999414,0.10218099669271002,1.0
1.3521739489860123,1.0928199445896236,0.06894187859313435,1.0
-0.8244893520668851,-7.111899574485252,0.03440618191775952,1.0
2.452197718625128,4.078124688324973,-0.21099863040141914,1.0
4.003588627954407,1.4088318174203753,0.1272440006336806,1.0
-3.0915127333622716,-2.642253374164594,-0.13096490898402185,1.0
-3.2097183873840485,-2.6215638115739783,-0.07114050131571106,1.0
-2.8089200781161874,-2.522871107625503,-0.20129043811778047,1.0
2.176187560852733,0.5025214516382972,-0.02167267012348266,1.0
2.7496730333935773,-2.3598605399096604,-0.1296224712529354,1.0
2.562364243367716,3.205774751309555,-0.19435661337876184,1.0
-0.6611685723517107,-6.307594720613621,0.01342691315641284,1.0
-2.861474834188901,0.6498805906460441,-0.06742957366205381,1.0
-0.7658140822353978,1.678088364349705,0.12435741194166841,1.0
-2.309009250838525,-3.3777685929111865,-0.19124662151036975,1.0
1.127832898561153,-3.7623414630936236,0.07266647546156396,1.0
1.2053126342877247,-7.670419037834282,0.029263470224124885,1.0
0.48475706119786977,0.7318719560748034,0.006583237437911899,0.0
2.5248710743815415,2.003289475196966,0.04968841893469915,1.0
3.084757689531377,2.3031143238908274,-0.03140827570160928,1.0
-5.015464247828571,-0.4385777227348842,-0.13487771666786563,1.0
3.1155053783908158,2.501565870341768,-0.02065660426252189,1.0
-3.94057039988316,-3.646133394509646,0.008157377767735336,1.0
-3.3401021080868722,-2.9951484957429804,0.1300117656864238,1.0
-4.219503179150774,-3.1442006141450243,-0.033708966764851946,1.0
-3.5309431463386156,4.189549773938295,0.04690460706891145,1.0
-0.9401291026718354,0.32177741944451366,0.05189994806607856,0.0
-4.558361872257276,-0.22819950671653297,-0.03941177767588367,1.0
0.70692828299051,0.6584117384546339,-0.02160500658598917,0.0
6.197019687202968,-0.5191012502448182,-0.01740718450114858,1.0
4.250580393020437,3.1688011910852474,-0.13543947829002284,1.0
-5.495336662418984,0.32730408171730724,0.029271563405920215,1.0
0.5311098194434262,0.9386079311359242,0.13280601263408928,0.0
-2.690536305337875,2.106542440266839,0.051127524729699385,1.0
5.972270287996833,-0.7353664582536988,0.05294508032228765,1.0
-5.058298660999036,0.2336233104753964,0.06804770541455106,1.0
1.9877272445817593,2.6076673566654534,0.01190194761683707,1.0
6.120737419004112,0.16629739253865092,0.12127968345134994,1.0
-2.5189554811090322,-2.6214708382924883,0.08725832214387096,1.0
2.414505944163566,-1.4466643325711366,-0.08069229514552821,1.0
-0.957362214453366,5.091713321397929,0.017441936616299582,1.0
0.45396625956303327,-4.102335552065015,-0.1015304841217394,1.0
5.836568905063555,-1.549093567824704,-0.11024816070173137,1.0
-0.834968408677332,-8.02568887521382,-0.07046021265315137,1.0
-5.709296653267949,0.2486895270672098,-0.03811471310318401,1.0
-1.0399321516227498,6.237756754044559,0.039512968554341985,1.0
-1.3935686632797326,-5.929163557471416,-0.15120044128172552,1.0
-4.480922013669323,3.452801105041891,-0.03399094902615561,1.0
-2.792284540922985,3.1298393596828964,0.05814258152933371,1.0
-0.7040056324846249,0.25919943466577233,0.1695861314708895,0.0
-3.536750481010701,-3.3499235714861113,-0.12100698399568366,1.0
0.007342943589972699,-4.965387601990847,-0.13265799205898882,1.0
-1.5345307876343122,1.469836080835332,-0.024456798718377474,0.0
-2.8621006467238796,-2.442844721168284,-0.074757189133281,1.0
0.24302965332689638,0.985205467884727,0.05176974170636846,0.0
0.6866069690191869,5.936696873751373,0.02492752188238192,1.0
3.4962070581930726,2.3874535643416195,0.152590062312778,1.0
-0.5272381882114758,-0.8351212446759715,-0.23147820457975504,0.0
-1.8067255842744823,-2.754699997184291,0.08601148342349116,1.0
0.9909764817405431,5.619239388869208,0.15210905487688717,1.0
-0.031149979558601177,-6.650853760730272,-0.13527782595488316,1.0
-0.8518408923844244,3.1766202481905,0.1103170777978819,1.0
-1.7938252560923114,-6.743809959249028,-0.059637400259860134,1.0
0.15408767558702893,-0.23532539319479,-0.030395829238649582,0.0
0.37806310661366377,-5.067801139580746,0.16297435111249658,1.0
-1.2549100781902147,-0.3321255713279362,0.10215453895877982,0.0
0.7687194453822157,5.741298822636331,0.13182836972729514,1.0
-5.144252034960467,-1.2662363520633038,-0.0178426450642383,1.0
-5.489986324542877,-0.4133605290591877,0.025742197749421637,1.0
2.465797699291491,-2.3735963074646946,-0.13382035780395662,1.0
2.620420864363274,-0.42996556998198754,0.058495460313345675,1.0
-3.8626376276326777,2.7828409052353518,-0.18484054373098574,1.0
3.2069236275619675,3.241723686400853,-0.02464270836273036,1.0
-4.658014945585514,-0.6306538234848242,-0.09518370502447293,1.0
3.2639161951335844,-4.486669561541177,-0.01851373097932283,1.0
-7.061263893218956,0.6341520597335991,0.11477491946586965,1.0
-2.343775613156647,-3.391275069022686,0.08835368302230077,1.0
-0.6295019156620545,-6.570612573409384,-0.01360863015088584,1.0
-5.7957111290593675,0.14332700836543433,0.101185907646087,1.0
-1.791390193418268,4.050894960383483,-0.09726059575237753,1.0
0.4462396657055765,5.304918161465082,-0.04550404428128397,1.0
-1.381262736312149,-5.593836915084569,-0.059476898419438276,1.0
-2.200630693615606,1.844316003618024,0.005040229115374875,1.0
-4.917480895026838,-0.4669147242478889,-0.11768163843956254,1.0
0.6013797274733116,5.677281676363272,-0.0037640070696063144,1.0
-0.7853210220251006,5.545817125751642,0.006312365475103588,1.0
0.9532009995529758,2.4943785255137008,0.009990996219316517,1.0
-2.2354869752632793,2.752063199479366,0.062279138955644534,1.0
-0.7721600710659803,0.3906064882471758,-0.14022580496117415,0.0
0.43373570423703794,-7.395510924492173,-0.027915443746835952,1.0
-3.4924627248451783,3.287042687042456,-0.00988413478966663,1.0
3.6336044901434623,-2.093880857646259,0.05149948740742967,1.0
0.6611050312324728,-4.917827814986652,0.04793182490585027,1.0
-4.170705978336629,-0.592863182564322,0.03175133796042484,1.0
-0.9118110556019531,4.578705413639853,-0.1500412810602097,1.0
1.354392670493849,-1.2246224068617926,-0.03924634706956335,0.0
-3.5563496780235537,2.062953619985766,0.0807699131778849,1.0
-3.1186272076567687,3.6571082139631224,-0.11662103332101821,1.0
-1.3303729389343375,-6.240813553768471,0.07718628205377766,1.0
4.4653375859344075,1.4542011579497995,-0.02874100057776507,1.0
4.260428407347476,-3.3500405347525306,-0.10107734792039025,1.0
5.202251629550954,0.20960572412088152,0.07503879719881754,1.0
7.931346673173737,-0.08152051484900595,0.12332374042914865,1.0
3.753564496712458,3.540700183288953,0.015737313545290545,1.0
-0.6897281838283792,-5.775145990296248,-0.10676527588710383,1.0
-0.017832742432763848,-4.816163892478467,-0.07350368920601712,1.0
-0.7549683187206144,5.5462436488792575,-0.008690726980556045,1.0
-6.267630143920725,0.06644547721819903,-0.056268908724264766,1.0
0.4930856311409765,4.8332929493910335,-0.03357450507040864,1.0
-5.453892372190749,-0.6446551176334395,0.015432034278825885,1.0
-2.003356275049601,-3.1067772799081825,0.026118619021653074,1.0
-1.0857490903979385,6.338002654386532,-0.009553453498472827,1.0
2.823673222822583,4.81484286000451,0.08830376306852591,1.0
4.28302928367843,2.2200202865493273,0.14959016961844324,1.0
0.6122963952961108,-1.1776786791071974,-0.13016541286767006,0.0
3.4961669765432593,-3.8722398323305294,-0.0034262201479808175,1.0
-0.8816379663296886,7.243943905575449,0.14511645565956283,1.0
-0.4113595445013958,0.6813512298435916,0.0882579546382749,0.0
5.918876290821371,-0.10901937220088281,0.03486762162179714,1.0
2.798173471834651,1.9840372517038847,0.2504333637462712,1.0
-0.3292205818943251,0.19135222456805945,-0.18971841906072406,0.0
5.654027828269131,-0.9997453722870603,-0.1454421914148754,1.0
2.6118659585628747,-3.294037733832661,4.536328609522186e-05,1.0
-1.569025981781615,7.135879842005707,0.04962547548661015,1.0
-3.9580019522993135,-2.7489604442521243,0.03256621470973159,1.0
-2.53720313647416,1.551810362551519,0.08558195904315598,1.0
-2.0717843121346466,-4.052515903314919,-0.03617642603236713,1.0
3.8005539954303798,-3.4028840025489395,-0.0569069462531818,1.0
-1.5815327633773815,5.5088113988013,-0.1665711381978873,1.0
0.47872328480151355,0.2618779852218556,0.004150057761512416,0.0
6.090694194917177,1.364648032906522,0.05343365738271199,1.0
7.856501737661131,-0.32245718825605907,0.058460336338232825,1.0
0.2404791848424531,-6.593853400755495,0.10251821995620554,1.0
6.3344866859407105,0.029016599253387447,0.03869218265944058,1.0
-1.7798051621251378,-3.0391753514069664,0.03630904867525638,1.0
-1.3675689818038792,5.972403627606079,0.2234189331376201,1.0
2.369538419225862,4.909747814428666,-0.14596278944288057,1.0
-5.211599259418303,-2.9539226411154584,0.18978170194037353,1.0
-0.1008427193022184,-6.1936515803972565,-0.1580088184546706,1.0
-4.312964023377203,-2.0513405154620963,0.04440069588033543,1.0
-1.0464404647569687,5.457557711749953,-0.06994611373353976,1.0
-6.983658191157549,-0.5190839215460005,0.030953956701129656,1.0
2.280120482999774,-0.08829284724276398,-0.07088458931133763,1.0
-0.848903378668739,-5.942860217506276,0.05389820874770386,1.0
2.202108815383356,3.1700858492710315,-0.09536242371091753,1.0
-2.969718806922696,-1.3972475839048744,-0.0688596348021152,1.0
2.5175712714131433,-4.282673528030199,0.01566905473610358,1.0
-5.881731603391551,0.49931603018420107,-0.18623782942084088,1.0
2.8859079948620106,-2.715376267989077,0.23114140267715869,1.0
1.7456342670138638,3.946085823692887,0.05569673860476796,1.0
4.710331160186852,-2.5969186739268975,0.06392342721016352,1.0
2.323291324989063,-2.5096876923877525,-0.0035674795760723133,1.0
1.3591063981620803,-5.9421147162002566,0.0975315262564967,1.0
6.580202989186841,-1.0461156917496217,-0.10380070205824272,1.0
0.5886375330842689,4.196238791373707,0.03645902627683253,1.0
1.548902483932075,-2.8661539826436315,0.07392334510663517,1.0
-1.2364888953979316,-2.084127709989615,0.014042411526203067,1.0
3.7531758875867807,-3.451713600895972,-0.12285020551915722,1.0
4.496211272463573,-4.215191470891035,-0.01548658217400836,1.0
1.137501046714966,3.945734816020223,-0.002778020425523935,1.0
0.9818016585638615,0.05530893165386616,0.13856048888458355,0.0
-5.570247401037494,0.5909345442326728,-0.01731069129982304,1.0
0.2826031167102699,7.216230238978955,-0.2117619402367785,1.0
-0.7935174810248903,3.7495231155465154,0.12483107095700961,1.0
-3.529072925320227,2.929170689048909,-0.06918998643357817,1.0
3.224720875970671,2.145319444744964,0.10057242494315502,1.0
0.4187899278275008,-5.892466042923603,0.09119493535403828,1.0
-2.0175142410236524,-3.5291512221066554,0.0972324059257152,1.0
-0.6012039970388184,-6.214597065894422,-0.06843745213212021,1.0
4.086997792125919,3.5140162962696455,-0.08969233281456737,1.0
3.6702408176232875,-1.8173458065678272,0.10126833942035685,1.0
0.5162593187575053,0.48460387894415097,0.12575166604133814,0.0
0.15224613024072783,-6.235290629817326,-0.1903258001043533,1.0
-2.090904583132313,-2.090316449521517,0.10145512773914474,1.0
-5.350283067066301,0.34652076784554586,0.01013411607353211,1.0
-1.7745467472316625,3.4593617377185004,0.08410529669412764,1.0
5.937673900328338,0.9613110367803794,0.044082049279373044,1.0
-3.2175239762225107,-1.3706696625790789,0.05538597594521778,1.0
-1.348483948017273,6.833805764013364,0.044373298870487625,1.0
-3.6128983765198637,1.5105358671123335,0.07258644810865264,1.0
-5.382650068138333,0.35887166589327635,0.09103413855820612,1.0
-3.4831160067896554,-2.134610121593626,-0.015578678652348547,1.0
2.6832337220117597,-1.377843298248123,0.043060931439054304,1.0
0.9692244898682142,-7.6436666274719585,0.08086623725811443,1.0
3.283456611995392,-3.350069623724138,0.1602921890540865,1.0
-2.4735844522543107,-3.660290731142327,0.08485545372688837,1.0
-3.3743514842937223,5.020404307301206,-0.0951023267975768,1.0
2.9747487463043245,-3.02672594212814,-0.06865680192444287,1.0
-3.611041797575205,-1.1040453626215763,0.07867123724293577,1.0
4.647196469040927,3.639370878589144,-0.046311386979859856,1.0
-0.15921121137550442,7.674498773383394,-0.007335868507020397,1.0
1.5388965721463366,4.195455966047349,-0.046488491887254686,1.0
2.899670355485349,-2.065951904993538,-0.042610602544640025,1.0
0.4057535498704706,-8.164665989681316,-0.1118791606733989,1.0
3.8130549295973255,-2.6475878964377118,0.0475295549412766,1.0
2.233605188272264,1.9791603279129895,-0.06780200862084136,1.0
5.441386385419156,3.4599265836929094,0.10151539394357785,1.0
-1.1003190539263272,5.557799715242019,-0.031998087829312676,1.0
0.48265061825063205,0.4224499171157328,0.00999411619528403,0.0
0.42929090883833165,-5.746522823228127,-0.008646348318255054,1.0
-5.485940299557465,-0.4284123872263403,-0.12709695608566246,1.0
5.161275496831749,4.041069129034564,-0.05041727928684023,1.0
8.175716797082325,-0.4899887049939795,0.03768313843322649,1.0
-6.384416497707362,-0.9890525911371025,0.19556485429812617,1.0
5.114262545612778,-1.565162194895635,-0.0951327883632001,1.0
-0.18109967886305006,1.1463340883766757,-0.0338789999041365,0.0
5.99126435042657,-0.09887858394986357,0.35723803235151297,1.0
1.9415122565932292,3.8507016056760106,-0.08145001058789071,1.0
3.4220476940007583,3.057373351518347,-0.026236432653013304,1.0
-6.058906728024025,-0.005438150178556305,-0.11141342330603823,1.0
-2.104173156345587,-7.914959878771545,0.07205933234737948,1.0
-7.580593969867019,-0.3383047712397027,-0.011481760443735271,1.0
-6.861615247542722,-0.9571022338851638,0.1118306463617717,1.0
0.4614460036981912,-4.727811368383947,-0.029230267554400776,1.0
1.52146643038072,2.5464046861701184,0.06690531869266732,1.0
1.6979097117199893,-2.1544686333554464,0.00012925342216905703,1.0
3.232155531362756,1.268978059744844,0.10302729998743497,1.0
-0.35378802660625663,-5.387438810076368,0.05031803452376408,1.0
0.3269135223301885,-6.822887635185629,0.028441540040853825,1.0
-2.159269707724418,-3.7236244330789647,-0.09758969134282809,1.0
7.200736812636511,0.6205554812767757,-0.021854782636079144,1.0
-5.871148467042101,-0.5078735501112996,0.09911022997992691,1.0
6.775093916651285,-1.2823333807336534,0.07254997888759598,1.0
0.47519987099938554,0.5790583653073004,-0.2020816450655778,0.0
-2.964579617133488,2.3593111653867695,0.15178806710308657,1.0
3.638791813739929,-3.0998940199238763,0.1022582017366994,1.0
3.9753983451010138,3.146045102051304,-0.021227083975928485,1.0
-5.993626238926955,1.8710637541880482,0.0520647930217417,1.0
-0.5170722617405306,-0.18338526713366574,0.01922538721938246,0.0
2.7988923599708553,3.1781460457701107,0.10276751701597023,1.0
-2.143649447571475,0.7336347703881149,0.0386014845228847,0.0
-0.5601987674626222,-0.4064399401208704,0.006046187554942577,0.0
0.4505194719649014,-4.2997427960146695,0.017221993673697127,1.0
1.7643764283929115,3.160116158553541,-0.10965466394684553,1.0
5.659209082305974,4.1482562343983655,-0.13406919589237426,1.0
-1.3354573015644886,-1.4561514642794329,0.053386328192915215,1.0
-4.3011921494269885,2.8579895906392334,0.009015921160164028,1.0
3.125677865688357,-4.114407129598694,0.0680116892447938,1.0
-0.4541297899535562,0.3040385465410016,-0.06955396648944968,0.0
3.7241888476735054,-0.49088151646752465,-0.03472346691457171,1.0
-0.7558013933011746,-5.590089833624535,0.007893953700829551,1.0
-0.5753739834230126,-0.308660350388396,0.07844190541688806,0.0
2.9565624422044228,-5.495437916822681,-0.006420515242612508,1.0
0.6889782788676427,-5.423716998622659,0.06631935235814988,1.0
2.2906590669199844,-3.0698447173146306,0.024647982769383615,1.0
-1.4835864276593738,0.3740705023058559,-0.12394964339585386,0.0
-2.9325524255545194,3.3949265121055423,0.03981037008106423,1.0
-3.271418618321649,-4.980823255768557,-0.07969244959947873,1.0
-3.0314163486875874,3.1183048547916736,0.06451836243445146,1.0
2.556893451193716,-1.6856675335978089,0.005384860747061704,1.0
-1.4699429866649993,-4.58858902796402,0.11604597727891436,1.0
-2.664472513293807,3.3044284803572195,0.008729203403430646,1.0
5.0239784505030896,-0.10668399632789827,0.0855737276713198,1.0
2.6832301445687143,-3.9719522457335548,0.01298793278649737,1.0
-0.82111503088401,-0.3358743938407115,0.14444543907116378,0.0
-2.142951265819618,3.7117062230749855,-0.01171982941732508,1.0
6.184572748380714,-1.8739479735357323,0.002256665127947245,1.0
2.9192010796797847,3.5589019113842117,-0.15444570062137547,1.0
-0.3194229920497357,5.741050738380004,0.05474677678073551,1.0
5.783904453552459,2.0882901269800023,-0.025324093684541145,1.0
2.4562647764496983,4.002592340728027,-0.15440916316473527,1.0
0.9873659337830291,-4.7257158376616655,0.08240708735741413,1.0
1.932279023480067,-2.1754463920885825,-0.08590838013038804,1.0
6.833974152955003,-0.1508266807377229,-0.0022346836724521737,1.0
-4.720518051629569,-0.5102089011502299,0.038996377003226106,1.0
-5.655311755497462,0.04163655994501358,-0.006449340561703984,1.0
-6.67938334205485,0.7455956740990839,-0.06897628150118244,1.0
2.633559586786138,-2.4167315797842646,-0.07841194022315177,1.0
0.6537752470980998,-6.125362279901559,-0.02232613155931298,1.0
0.7207510206237506,2.6507751566046416,-0.19683029886596248,1.0
2.783830010886006,3.16207294341039,-0.24405043070196691,1.0
-2.9620112019563,-2.834109925313044,-0.1170632643156494,1.0
-1.3797521179462433,-5.566385385872001,0.09776143967586415,1.0
-6.194183431779653,-0.3568707699033867,0.2148321868313104,1.0
6.513668779033184,0.550917791624312,-0.053179648026237814,1.0
-4.341304193593988,-1.8554051215939231,0.009775968566595093,1.0
-2.40364719980074,-7.202909061931354,-0.056580698008282096,1.0
-0.15340786866007897,5.184618309584417,-0.09257104907509757,1.0
0.20909111631122917,-0.32566635612052486,-0.08437336824246745,0.0
-3.448902341482171,-4.447113005620941,0.021295436660842923,1.0
3.558458471964273,3.3342363034664526,0.09073834669700893,1.0
-1.6675679468568358,3.1079722774661955,0.020083689166311498,1.0
-2.605239473580947,-3.981874259572527,0.049372991188413096,1.0
-3.321807045257086,-3.104488743201252,0.17778692996518092,1.0
1.9032621368121414,2.884914096092531,0.00040774664443739284,1.0
4.833175838821594,0.037510717698264015,0.041953865881281055,1.0
-3.881911837273245,-2.256744164004396,0.17900973628516345,1.0
-4.2983949718021215,0.2693656294271638,-0.05770043340069787,1.0
-3.453891190173505,3.254805019974347,-0.11438069890682612,1.0
-2.586881663718534,3.6491427509608414,-0.12558045547838956,1.0
6.63575678498831,-1.843767604370278,0.08249183218813351,1.0
5.527918137792066,0.897904903753221,-0.15056820594733084,1.0
2.5851543843322182,2.5850386534111625,0.050581291723436964,1.0
2.1973059865459534,4.6252358298563445,0.006910665186160546,1.0
1.0708512878850553,-0.27929369818396255,0.14744141067385114,0.0
-2.8679160123181573,-4.395127193149818,0.18999255924057057,1.0
-0.5731697625247492,1.0830436641350685,-0.04978447715794399,0.0
-4.572708627478274,-0.49269222039358695,0.13835963077967942,1.0
0.46011277592601224,7.375388178363027,0.02668305572925704,1.0
-2.942687215115733,2.7446073916108094,0.12863006013258502,1.0
-0.7247638009457381,5.909562415232935,-0.035171352432154766,1.0
-0.630872952937056,0.17437053855541026,-0.13604291034285404,0.0
-2.260478599837283,-2.978499283193261,0.09531812702613224,1.0
1.3887568129587795,-5.938201595752338,0.036791326964246376,1.0
2.5992542188504872,2.3109983484804584,0.12043976634797349,1.0
-3.1396377602647467,-3.1071828103198125,0.14909480259537566,1.0
1.2234232874738598,-6.278198755023092,0.18975290988738278,1.0
-6.460919768950227,-1.219760357889645,0.06445059571243532,1.0
-6.99836369794301,-0.444809442076325,0.11460609565021573,1.0
0.17867847253503033,6.778746243481269,-0.20366862048119994,1.0
-0.17962309440097776,-0.4925937295031594,-0.1381906854883916,0.0
-0.8887601202034799,6.673954158136064,0.10089003909403216,1.0
6.502969684685059,-1.341344447413982,-0.06694987094602248,1.0
1.416000931516425,-2.424453868966444,-0.1220885428119676,1.0
-2.8070992091339924,3.7014194429025133,0.1163528236095563,1.0
-2.3565157052634804,2.221872802349493,-0.04415482344523208,1.0
1.0945038541058916,6.1900161943122844,-0.19367500853151262,1.0
2.3948375646992823,-3.5875521370595123,-0.05663594344882076,1.0
3.79829899384318,1.662986616837975,-0.008871690313883088,1.0
6.70785534828699,0.16384004675296676,-0.19750004986494435,1.0
-0.5257352396261361,0.7250327600863388,-0.08546931359602224,0.0
-5.592821050335399,2.1220534135972478,-0.12148556438498687,1.0
-0.8033079316209697,6.291131208292537,-0.16042500628367962,1.0
-4.592341473030001,0.5621483208049319,0.022911889555763253,1.0
-1.0382402497166965,-5.801026126419745,0.21378646812090596,1.0
4.842329615004353,0.09925917356281407,-0.07043627985636344,1.0
2.7689572669829854,-3.3043665866361693,0.10167847072290573,1.0
1.2397570742917505,-2.644018505408986,0.20870358130425526,1.0
-2.7073646767817476,3.6924553472126482,-0.004077546504163559,1.0
3.5368817882730417,5.071453634377088,0.025263573563768977,1.0
7.339149818468593,-1.8502521228570648,0.04089458839602911,1.0
1.1388209337266173,0.05766548702748708,-0.08338937733422945,0.0
-0.741943794299652,-4.553489209219148,-0.012715293487727933,1.0
0.5608755941287962,5.787406382360969,-0.059016398898539546,1.0
0.2681913201112704,-0.0850522634430368,-0.11055484707756782,0.0
0.948123368102347,-4.214896754084025,-0.007086621047283069,1.0
2.141631745349448,5.451009488777885,-0.044243760350427354,1.0
-1.5559997831744194,-4.5811067804830685,0.012171980090136751,1.0
1.0857337330089813,0.2277151274068155,0.06995833403289373,0.0
-3.4249932654195234,-3.705683114048581,-0.04076473747176286,1.0
-0.5151096601692975,-5.396579093288853,0.004578759507924198,1.0
-0.5920888969178298,0.170512865297873,0.02724613913857864,0.0
1.5179946855842155,-3.3859604326538206,-0.06540833058507545,1.0
-2.68384831780703,2.233584010284976,0.02556547846947953,1.0
5.688841743465333,-0.5448492871343968,0.03760868808490893,1.0
-3.9058290442816377,2.7668381527991923,0.11240347500262225,1.0
2.8859028113523095,-2.27461552499849,-0.1128219758308316,1.0
-3.668375502837025,2.064042010163654,-0.018107900493875253,1.0
0.27226222712956066,5.129207965015371,0.01779344835212602,1.0
1.5897691380815386,6.411704550887254,-0.012798235510830414,1.0
0.9789047991070352,-5.634564031899588,-0.0507533251481965,1.0
-2.8155186745927425,3.274254637532519,-0.16072163024387232,1.0
5.224300044185912,1.0168257054531817,0.14106236013206355,1.0
-7.123822293472514,0.675594288290646,-0.22601835038215717,1.0
-0.5866157001083914,-6.606757490227103,-0.045249834818146935,1.0
1.1485091312521665,6.901524616651966,0.018546096994418858,1.0
-5.209152716806943,-0.20006665311484179,0.05558185335851251,1.0
1.2061608105100763,-5.723701954484951,0.0008431419789119705,1.0
2.624902677748226,3.0006178526217195,0.07875839012803904,1.0
-6.897289204094567,0.6160711610018171,-0.23606785968679717,1.0
6.555576878167636,-0.2954552568592307,0.05274131228420459,1.0
0.8985530029746968,-4.7074287230545,-0.08925313097480916,1.0
1.3879040849770499,7.091232023569576,-0.0013843799658847234,1.0
-0.12154151936689643,-5.503486306469745,-0.022039074798757247,1.0
6.10563561822346,-0.2909140103066229,-0.028000841402520255,1.0
-5.877834088642811,0.11594983780566959,-0.05715456528220689,1.0
-1.104080301644803,4.975671953570373,0.06769830865791773,1.0
-1.3555651661763446,-2.2301402379382615,-0.22699696268439365,1.0
-0.5059085151591587,0.078567209258622,-0.13838860829477553,0.0
5.24611628277357,-1.3332651255127483,-0.04617770556863908,1.0
-3.9225440391058237,-0.4770476468759896,0.11338462523016815,1.0
-4.05876574483755,4.787829128133773,0.07871900056796877,1.0
3.818511177571033,4.687886216290842,-0.19946380933991714,1.0
-0.9262945262090349,-0.48349899444979283,0.033771270076084846,0.0
-3.4493958854927507,1.8111757512551216,-0.06810062050049018,1.0
4.926691577617582,-0.5468992013988543,-0.01598699919080902,1.0
2.739742255403128,-1.494794944328301,-0.02203377024366352,1.0
0.753340908625099,0.8420353531057826,-0.07968230635528342,0.0
3.1067582018952673,4.091014215644775,0.16808625546452513,1.0
-5.80513598874689,-0.1475519513468567,-0.03129202710810513,1.0
-3.279910844289872,4.933777402749778,0.006742415964605678,1.0
1.8213384856631425,-2.458341447608298,-0.02663949511870883,1.0
-0.055316571018262116,-6.3556245601384465,-0.0240851621102329,1.0
-4.35825727026143,1.5749228995274847,-0.08499142752599381,1.0
0.6889536682799481,6.570121684756339,-0.06877546733119198,1.0
3.7433356497831287,-3.472540166406915,-0.07764540650002331,1.0
-3.475055848477554,4.255338137277164,-0.04714609412947361,1.0
0.4991256520988884,-0.5999394333280351,0.117987402725864,0.0
-2.85113133081975,1.9965030214685375,0.13463595021539002,1.0
3.4604125968463286,3.077718245443186,-0.1386372714390361,1.0
0.8578501357560582,5.136570817070789,1.1842330677005085e-05,1.0
2.429539671904232,-2.376742624824569,-0.2583084140905703,1.0
-3.0841591426605977,2.208963220407859,-0.2164972841186474,1.0
-7.613986545943889,-0.3035440788028768,0.00528472514646566,1.0
-3.4667201984276352,1.8605221169364083,0.02645321679469257,1.0
-3.046615862103643,-2.531664493831612,-0.10832924690003272,1.0
-3.160151257393827,-4.643656852907189,-0.07746221660254922,1.0
-2.176037233490547,0.8790544943215948,-0.0292431509613725,1.0
0.01314612667904095,0.04840934655351425,0.17452594025285154,0.0
-3.7012529817630964,0.5694035113847842,0.22430204019089356,1.0
0.9273751502350831,-7.981104451334832,-0.09656737787338761,1.0
4.166894487219499,3.6615204297863375,0.09711204040663446,1.0
1.9193345920600777,-5.68589895507214,0.13741892867146543,1.0
3.2080603258971285,-1.891828706394408,-0.08572973913724292,1.0
2.8233383015649314,-1.43179113830257,-0.04495489319515399,1.0
3.4659639440459213,4.821457211827883,0.08394685391496814,1.0
-0.5599824031766776,-1.3999113738652122,-0.18096667239070877,0.0
-3.9227199017064573,3.412551790660598,0.15852287843040042,1.0
-3.7659882525948385,-3.6011666182360056,0.1333852507053744,1.0
-7.633588927187914,0.8755328135445003,-0.10474047708646611,1.0
-0.7290665680197841,2.5461127218632043,0.17075778077942427,1.0
2.8721648177535712,4.083604514404895,0.12403040931607304,1.0
-7.520845685760735,1.3088078109966637,-0.02164796379897202,1.0
-2.794583870537495,-3.6181233842482903,0.1564480253588733,1.0
6.20944125017882,-0.7703203085321458,0.026597134087491005,1.0
3.4150863370110316,2.0364116395010137,0.10786131826910679,1.0
-7.248518869116071,-0.6485231107959445,0.023433020377228917,1.0
-0.5388871989088336,0.1061133438839356,0.10471651279312222,0.0
3.804229788904946,4.399009414260881,-0.03007352036245889,1.0
0.8136711762984462,-1.0002648783047186,0.06614839025346002,0.0
2.6510518082607053,2.7521065192991827,0.09557450295834467,1.0
-7.856052756022782,-0.7854113859980153,-0.013018304730596895,1.0
0.46711590789194696,-8.242592591863698,-0.045260889244680164,1.0
3.026114045938411,3.398073322883015,-0.06815129457763329,1.0
-0.168659470725921,5.469839069204704,-0.034504525381825815,1.0
0.07368338351488271,-6.516312476439387,0.041337162133856235,1.0
-5.149014353494312,3.81944661334927,-0.09224648854869283,1.0
3.0857415534453243,-3.4494453757927865,-0.023213153442002425,1.0
-6.862244851909946,0.5212201105000314,-0.0118618967876569,1.0
-6.633751614021434,-0.03301856539416961,-0.05478936138220895,1.0
-0.6296209153865973,6.370153383946483,0.08427315212709507,1.0
1.739856513601238,1.7087740232339488,0.041097514187608354,1.0
-7.873805367866906,0.9623491860476538,-0.03987920665579074,1.0
-1.5026998148123962,5.7483198026584,0.09633905975305485,1.0
2.1795152066726233,-2.940684972816937,0.0653507817430844,1.0
-2.766828364271347,-2.4007416294603092,-0.16946277374929214,1.0
-2.6802052405264014,-2.125138995432221,-0.14828487853290784,1.0
2.17606601151388,-2.679877533183841,-0.0018775698136432003,1.0
2.522865918349309,-6.350208437491562,-0.004559126093808453,1.0
3.2713187471675664,2.6941104774582474,-0.1326933485622871,1.0
5.329394625547392,0.00450000543700271,0.002985353643526784,1.0
-1.7425186099955752,-3.0428207729248236,0.0973265652758732,1.0
1.3645974956532207,-5.153692926250038,-0.14473822006053824,1.0
-0.04866269964046864,0.03613467985054544,0.028990563076957354,0.0
3.6066969386067584,-2.914357399492948,0.07556754657622927,1.0
-6.812751447333945,0.33435777028030067,-0.10534188127725788,1.0
1.4993536052249545,-4.526342025014699,0.04189520864143589,1.0
-3.7087857588464943,-3.1930359161950697,-0.004311030295726217,1.0
-3.2593043603865697,2.355328859987589,-0.04765648655840762,1.0
-1.0467598341471258,0.3552466983987107,0.03225281841041532,0.0
-5.76766452913498,0.07218390560841165,-0.09088790810505903,1.0
4.2138991558273515,3.1151203220679347,0.1304234716030709,1.0
1.121384945237998,-0.18272782383144917,0.09205998742646654,0.0
3.510341348121473,-2.6669674539953223,0.006347893671044007,1.0
7.143038528493156,0.7578211256196881,0.032377212066687165,1.0
-2.0490372669164665,6.598105325614496,-0.03428875340317283,1.0
-3.373778209997894,2.343366674614472,0.005815368784279958,1.0
6.199861203066892,1.279943342418005,-0.0908196238133488,1.0
-0.514644151063639,3.7677013857800863,-0.06521940851551931,1.0
-0.30557752304335245,0.26755196092127836,0.07952778016867523,0.0
-1.0491429596255133,-0.39570398256224404,-0.1637526158014277,0.0
-5.3646938571975324,-0.554461912015689,-0.08666009242927568,1.0
0.4041892458122127,5.966641260971045,0.14240665359190854,1.0
-2.8093614041257737,-2.60875665108421,0.03425385821411026,1.0
-5.253228389172737,-2.6789111349701127,-0.04780033683743321,1.0
-4.079565047674621,-2.041524573625435,-0.06721066544848275,1.0
2.6315082148162117,3.06346960406981,-0.04070049252280039,1.0
5.093855859537502,0.4484889693124785,0.13175328366525774,1.0
-2.6938295862209225,-3.920368488621829,-0.07535177123670819,1.0
-0.06959883812272105,7.804297852336647,-0.0486301531160612,1.0
-6.552231167346729,0.0912014395348537,0.052767882750830664,1.0
3.543788815464604,-4.009997677244259,0.02701673689843916,1.0
-3.30893554478068,-1.9986885089663313,0.01347333974565829,1.0
-6.054826541304673,-0.5933163318343575,0.07168767163731318,1.0
2.1043536672738115,-1.6258988534979295,-0.023705605469762185,1.0
5.038912387474139,1.8509888223106399,-0.09259115428790794,1.0
-5.613961609570455,2.2270514132221693,0.00021028975575551677,1.0
2.7162337533564527,-3.396692055272124,-0.16602878256930942,1.0
0.1689564801235445,5.58485768227207,-0.06478496071884109,1.0
-3.666442961592405,-0.6158021242023138,-0.0013167956008822348,1.0
-0.6412571202932358,-1.190897344517643,0.053618863326788446,0.0
1.7772495400168424,-2.2600652639702097,0.09975621639046404,1.0
3.0916796893225964,-2.565945261276018,0.06933583670302522,1.0
3.9748497286610283,1.3853521176637198,-0.023610803196377983,1.0
0.04431395325890901,5.27562825092049,0.08995040024315848,1.0
-1.4041507438675052,5.437258353379641,0.14312522648483356,1.0
-3.470215222333381,-3.0656815308500733,0.21587548654404817,1.0
0.46703750393466364,0.08226354115529783,0.022781770900451206,0.0
-0.25816638039149814,-0.29542127569292914,-0.06192579678850416,0.0
4.23066330001975,-2.6100491638264214,0.0548515765042792,1.0
-6.932029080169237,1.119393233570852,-0.14232650309553393,1.0
6.100347544215821,1.0031505948501247,0.15816299358131392,1.0
5.79238067096664,-0.009593157271838003,-0.07707822409361742,1.0
-1.1951103347694116,-1.179735633953599,-0.15548251414680272,0.0
-3.7771738003334554,0.3909638446359677,0.08872823206307351,1.0
5.4867967775909445,0.6325043426232955,0.16742197560884886,1.0
-1.5279003075779447,6.3843607551047095,-0.07877358302378301,1.0
1.1552881282145506,-1.7547603477350247,0.14101900126146297,0.0
-3.0231962125150464,-2.08275132794512,-0.14829553323467945,1.0
-4.208437844773239,2.73749007590341,-0.03766280817078429,1.0
-1.4683264361486106,-4.750893621393949,0.08051856080936842,1.0
-3.9613705051826673,-4.203054914025518,0.0712447230849347,1.0
2.1057233704356233,4.8189786685676435,-0.08129277895056367,1.0
6.014647393760202,0.5213796835037665,0.16445572507777523,1.0
-0.06007946205656078,-0.5734595417720932,-0.034470761484463784,0.0
2.7954781696089217,2.3219750412459077,-0.09289446493301834,1.0
-2.2708301014508168,3.5951892133779078,-0.10436050815385266,1.0
-0.014590827242302307,-6.052431317707094,0.04463220460247952,1.0
1.098104742891883,6.616419407574609,0.03862214342708289,1.0
5.2522275108727,0.2010000106376685,-0.020192329936209053,1.0
-0.2428692541354455,-0.6250538626311296,-0.04957906705340043,0.0
-4.477633423381205,-1.2129466921984926,-0.03377199714601226,1.0
-2.4319353932984855,-2.7290827016685077,-0.06740565365338033,1.0
-1.8005675311423839,7.020437638494895,0.013143824823518016,1.0
-2.1994300023318516,-3.789940257578103,-0.06146817469631798,1.0
-6.818299019500411,0.6035230486103274,-0.205596539107423,1.0
0.5390521940662344,-1.628228644113614,0.06804283470843367,0.0
3.527980105608484,1.2966746919515946,-0.017708070028708497,1.0
-0.3604017898240032,5.508885307502884,-0.03762553563033674,1.0
-0.0727520531428618,5.945074265722747,-0.08499342803559998,1.0
4.573907431229239,0.9180009041221409,-0.053875172310838826,1.0
-5.144233230499006,-0.16777429994190457,-0.08078718334342957,1.0
3.6825590260336156,-3.0082251741133255,0.034115612664256126,1.0
-2.395926167502562,-3.3222757668553653,0.02083943903594655,1.0
2.333417056659601,-2.500418554848649,-0.1198624840600608,1.0
-3.438457491031669,3.4704335257005816,-0.2267621508488079,1.0
-2.6682497821689504,2.7814297286263283,0.0956539332110637,1.0
-2.0444963743409126,4.230998938024561,-0.14146969840367013,1.0
2.599838679587916,3.962123566126306,-0.1129968873833893,1.0
0.3279619998946655,1.2940663901504348,-0.10349620511064826,0.0
-2.6075446001462432,3.9195735295107035,0.07477519290247935,1.0
0.6267983890276962,-7.140744915608476,-0.009345104229559606,1.0
3.0298523369036725,2.442859800371239,0.1091604327784538,1.0
-1.8791131389697702,6.017162611110935,0.020951642527514112,1.0
2.8384923633638786,-3.466848970768629,0.12151455545918816,1.0
2.9191040116000786,-3.5747863083337426,0.06697929449523092,1.0
-0.6926938233296487,-8.682822970741285,-0.03426804357485972,1.0
0.8237275179133673,-0.5937323463858819,0.014801080232821041,0.0
1.2795807822489909,4.350173742625542,-0.06979752015799483,1.0
-5.5521659592032515,-0.5007298886099523,-0.09919391332542916,1.0
-2.496103645265114,-2.07627580338697,-0.04014488860318223,1.0
6.9390698533208806,-0.26287964442596506,-0.10461827144219552,1.0
1.2047905554125393,-5.924378882105689,-0.17533794035376885,1.0
-4.16490548906228,-1.3586581746615733,0.2335818868148512,1.0
-5.269732666111947,-0.044936205608580415,0.10395688655651428,1.0
-2.406094176289168,-2.958856489793917,-0.17701776340236694,1.0
0.7858959081980469,-6.867092945282678,0.08633922369029118,1.0
-1.294977888776886,-4.039920780423656,-0.06466661881027894,1.0
-6.369677994593468,-0.3242765104683104,-0.07326387598005081,1.0
6.394129774316025,-0.8515107263229875,0.12533672079879396,1.0
0.4836423141023914,6.30661053680486,0.06116079357300846,1.0
-2.5400026490633274,3.2289642109054664,0.09670362712620406,1.0
-0.05444262905559431,5.916227218679284,-0.10722896888491751,1.0
-6.734276986356324,-2.0000619841692657,-0.02629332761532037,1.0
3.0152002610749986,2.8494884812612797,0.022247678509582206,1.0
3.785650015204785,1.1509340377071788,0.042499889619293636,1.0
0.28349155535156456,5.234172067174441,-0.08403233718420501,1.0
-4.094315821269489,3.122554597055877,0.04829968414892849,1.0
4.2622780258388735,0.5288247945366146,0.09149562837452727,1.0
-2.271015891661138,-2.5675592120202757,-0.10008071486214912,1.0
-2.2086621930215835,3.565529371017113,-0.08452060863066378,1.0
-5.994115446096699,0.14764058321693224,-0.04107080880315974,1.0
-0.7427088082358554,-6.043853741069399,-0.06141762144124288,1.0
-3.091211269798392,-2.630947076575071,-0.14023240671906398,1.0
-0.3487245776183736,-6.126849348073561,-0.08096472663068323,1.0
6.746633258248725,1.9839143505617556,0.2006025422050038,1.0
3.511730556013195,2.7168615752806398,-0.10329455286588252,1.0
3.7019405678671022,-3.348390013045637,-0.05204868429004198,1.0
-2.617251960469265,2.9384814353443205,-0.004514811495546284,1.0
-1.6808406350937335,4.7461778884703625,-0.12265226564161397,1.0
2.1951749086267225,4.697280601925346,-0.09038829966216255,1.0
-1.4246420804047797,2.5148586134183413,0.16860864357614003,1.0
5.007093329253523,1.2472501860635254,-0.2392214464887059,1.0
-0.06214136130344935,0.5932816335002629,0.0944011661109678,0.0
2.1623822200585066,-6.233096079068069,-0.020302584640750663,1.0
6.102748800245548,-1.7046738646481694,0.033541266751434214,1.0
-2.023532100611686,-3.022923047767603,-0.06195443290084485,1.0
-2.4508129269543617,-6.34313904571845,-0.022145394941307926,1.0
4.487440605024631,-3.5351665736754248,0.021202881853233446,1.0
-0.23559525925871058,6.855776786500387,-0.10857597206145403,1.0
2.0596274167293673,-3.033767449925926,-0.23247947941864464,1.0
-2.720730894305975,4.210728082126087,0.09871384751875995,1.0
-3.1896799089468297,2.60801270904275,0.18353659695312805,1.0
-5.261394182820876,-0.6893548938505016,0.07501367408043426,1.0
-0.05096488347423018,0.009845427193190865,0.02994603085962612,0.0
-2.4683613951269305,2.9027186225864585,0.035570932059219865,1.0
0.8344503250345268,-7.801813575045685,0.034694336523132585,1.0
-2.3120078569189437,-2.3643331251446034,0.06176107881719794,1.0
-0.7316945135240369,-5.231372546930399,-0.0124496135230251,1.0
-2.1620644443115724,2.6300722276700563,0.03373891601911248,1.0
1.0277020660928662,-3.2016289425136475,-0.03337910912128162,1.0
5.868496302764143,-0.2125703773216862,-0.025141356939306737,1.0
2.1445251609512828,2.1802792060908773,-0.05497960793641613,1.0
-0.6127840240350932,0.5463532051761165,-0.23672313196073824,0.0
5.29839373008417,-1.0921711204205589,-0.06858844177227125,1.0
4.550441340206234,2.702981396250183,0.07832918123065861,1.0
0.28244266623182995,6.420265766958781,-0.1384958772541158,1.0
-1.0402311223919816,3.9495581653335834,-0.015822154183633707,1.0
-3.628014082595298,2.7942552751467815,-0.007309381675279123,1.0
2.064935844210283,1.254599113445972,-0.07237067448453582,1.0
5.838766261447118,0.969708065703481,0.1287121441709917,1.0
2.0785820582516568,3.033425270840212,-0.01723787363002837,1.0
-1.6840304298492745,5.692073308548909,-0.10492641405985222,1.0
-0.3826093368275439,-0.4870616717502951,-0.15384805871696342,0.0
-6.526920849113885,-0.8397771998658559,-0.03895945019025513,1.0
-3.658343060338176,-2.958106329226928,-0.02609398763605913,1.0
-6.037676837701673,0.1950685335709838,-0.27074907651603863,1.0
1.6753306352870674,-5.548652975636867,0.1346047454517517,1.0
-5.537250160265165,0.7279635503433723,0.04305795329620159,1.0
-1.7616137214237502,1.8781340403804623,-0.013155563743815536,0.0
3.6100570917061416,0.13689600856998638,-0.1364430155668266,1.0
-0.5237229366490453,0.9374536181971556,0.11169262886144884,0.0
6.1789686089353255,0.9701767065419225,0.17098638600205474,1.0
-0.49100619227767944,-0.02015980222111468,-0.007565502625065307,0.0
-3.2199970032983276,2.229756512114864,-0.07939397673859494,1.0
-0.6476183552789848,4.777254946189758,0.012443653107227587,1.0
-3.712746847657794,2.604492176298317,-0.00973981465171792,1.0
-5.967407939223924,-1.5314055243180418,-0.01923845464584162,1.0
-0.9664909515371082,0.27904778417555565,-0.015342434583157259,0.0
0.07452549780631931,7.276203018896835,0.024585709237735162,1.0
-2.2735949738037102,-1.2539921051424743,-0.17429201163916885,1.0
3.066589005801515,4.2616101637515955,-0.08458096031309002,1.0
-0.028528338429916863,5.97373029114405,-0.1571698152616691,1.0
-3.8660961357750607,-3.4669974732379174,0.03705786490283794,1.0
-0.059238353194260185,-4.031175188475145,-0.06017362449300069,1.0
6.390519777743609,-0.5544945236820569,0.0037528263214916154,1.0
-2.602630319405928,5.604368012511472,0.12731852829969093,1.0
-3.7037371013445535,-1.7091118294873722,-0.018739185692891593,1.0
2.427642899084016,-2.1367586115811212,0.07138191682723667,1.0
-1.1659838188094453,-5.45590442210348,0.11870563700569287,1.0
-0.23701148847954115,5.652790101997098,0.12286803122698958,1.0
2.6884879190448827,-0.6287639137929986,-0.03514028184709952,0.0
-4.799751442492287,-3.898992669179599,0.05389568835242049,1.0
-2.0536785187416764,6.1078826712445355,-0.0065156522437493924,1.0
-1.4066894174938698,-0.9612776819284662,-0.09993279451286133,0.0
4.142381713968124,-3.9107164819765394,0.01851730731619038,1.0
2.6945579279260956,3.0470983290547933,0.06886172478964984,1.0
0.9661247991998958,-3.549568383979465,-0.058102993971279784,1.0
4.38330850440342,3.308044883930399,0.05291698025726095,1.0
-0.15187594709383168,4.511701308323277,0.14599121414839364,1.0
2.928133228637323,-2.9895938828880673,0.05035536770365864,1.0
-7.6844737312627505,0.2702158789259844,0.010232969394788063,1.0
-3.494707202728973,-2.517396722253689,-0.0940723879172053,1.0
-1.0591745082674056,5.502113217927382,0.0830928776072024,1.0
-4.21395586936093,3.193832720084117,-0.0883343221234062,1.0
7.203970244879342,0.8384993138549494,-0.06869200270857986,1.0
-3.253897710903177,2.136817995674341,-0.09276970080741874,1.0
1.791212310590428,4.545397394922036,0.11451852401650704,1.0
-3.1441866980989857,-3.5913846693849845,0.05128514601210621,1.0
-2.202416534885463,7.102236691711841,0.03262504161922731,1.0
5.6033346825221795,-0.746382544166945,0.14074341873265037,1.0
2.1544738607544147,-3.4341446552781245,-0.19179442340629727,1.0
-0.514060110709357,-6.804982548773458,0.03677600724524747,1.0
0.5418672699359888,0.6016425438910191,0.10625039829622591,0.0
-1.3657790137800196,-3.0317894639211977,0.032332217132595625,1.0
-2.4721446197403543,4.236861765877346,-0.11961265054262343,1.0
4.193757787832709,-2.1590798391928234,-0.052493566549163574,1.0
5.6076279730019545,-0.40536835262947374,-0.06650701792144985,1.0
3.4722639714149532,-2.690542876225116,0.027857613302840596,1.0
0.4100635118300549,-6.086325134830847,-0.16972996188180484,1.0
5.53573932693151,0.841000546909591,0.0009555527124872616,1.0
0.289293230148879,-0.40267638444428827,-0.02000493339352639,0.0
-3.228440739360123,1.3376269290181666,-0.06161057159820091,1.0
-0.07079922873287847,8.29602953839184,-0.060628392774408346,1.0
-1.349465818064811,-6.885658156505571,0.008105776426092798,1.0
-0.48286304347511244,6.848041995602695,0.09967956709789799,1.0
-2.670610294284301,2.679075048612606,-0.08012866195825859,1.0
-2.303134748494913,3.874328975739216,0.07343045566695038,1.0
-1.4375990715765488,-5.9517192773500085,0.10229888135144079,1.0
3.564500044735502,-2.0573471607162914,0.08378966635463246,1.0
0.5900768387221139,6.159402763626738,0.023404749364567424,1.0
0.11712662261118628,-0.9827083255997412,-0.030902763019257564,0.0
5.913394831590349,0.22369600486709354,0.027689335848377412,1.0
5.9514454212794625,-0.8428665574800637,0.1313765830976076,1.0
-3.8588424146072455,3.5129650221070507,-0.07402302228253592,1.0
7.121783954827573,1.441670995910867,0.06713239311230285,1.0
-6.224592837769482,-1.1943821332369686,-0.22573310869325205,1.0
0.15535965277014172,6.346226896530692,0.11555432596589295,1.0
2.501687845934807,6.622013294512784,0.05731271011421703,1.0
5.560187481313492,-0.43273373561304,-0.045979572920405345,1.0
-0.4978578047694691,6.3059009715936964,0.054589176110339914,1.0
1.2553547919712422,0.7057415170340297,0.08307236997097296,0.0
-2.7502610173465127,-2.96713972065158,-0.011323577398471889,1.0
7.17087148087817,-0.2819433040709772,-0.08397763799214382,1.0
-0.797174768676433,-4.911391157011949,-0.02994357198823057,1.0
3.1089079279107374,-2.7573579509421364,-0.06555676075687687,1.0
-0.5470775145946457,-0.1810574950778968,-0.009174405700133654,0.0
0.336162869277221,-0.5655155122715718,0.020966126167882126,0.0
2.305843709104148,4.496237843334435,0.041797966966496604,1.0
-4.028412836877632,-2.622573039981535,-0.07151767746695144,1.0
-0.1503699219556024,5.18672367906939,-0.010072909024443893,1.0
-1.929133574884485,3.5181853129700746,-0.17951823017454308,1.0
-1.6026296926678503,4.112546610489071,-0.0473011504161861,1.0
1.4464149254367333,2.032905091655261,0.0326834159609019,1.0
1.8920616459314765,5.254479946197647,-0.12077012598730244,1.0
-1.1451804151485172,-1.6240586021381471,-0.008874125635808717,0.0
2.412135649733912,-1.9755455766817274,-0.11533766635545112,1.0
5.880564434205224,-0.7807923310132459,-0.021318299504932928,1.0
1.3057116248091556,-5.650760393408072,0.16386241250281994,1.0
-0.6072232259327907,4.767792791995914,0.08985348262450522,1.0
3.3140252051011942,2.5941260840744302,-0.10789717944502673,1.0
-6.105660431979687,0.08456379782369398,0.14321774842903098,1.0
-1.992991091593929,-3.5660090322268108,-0.05223586125577693,1.0
-0.018086716284173052,7.773566805593346,-0.013325940738782686,1.0
0.868569132425604,1.3570440730739044,-0.034731987228369676,0.0
6.517659812402578,1.076409416669951,0.034732333607660947,1.0
4.134421257175961,3.365847384942365,0.06284066942413692,1.0
-1.9004880522359013,-3.1967263693219077,0.029579425772462323,1.0
-6.242532468204266,0.8158834405339702,0.07066894961721638,1.0
0.4425294849700271,-5.6939979588021545,0.106134531191565,1.0
-1.048400046895014,4.546298586019844,-0.023175287621633484,1.0
-3.4936481921285223,2.8842745450914147,0.05689038197217701,1.0
-6.519077902284546,0.5501272404695791,0.08943044922433797,1.0
2.532925277689885,2.762302307906386,-0.109684359000705,1.0
3.4190549772628684,1.9622222862001395,0.11558886410790124,1.0
-7.228790462433932,-0.007011110567898436,0.022075128055394053,1.0
-4.896549191133092,-0.36097691073704646,0.16682821673257608,1.0
-3.1976528336869037,-3.4463081452574778,-0.02441992504309831,1.0
6.2431938291981695,1.2436964596545101,-0.03178506334197586,1.0
3.1205944878002163,-2.566596984850631,0.14290492923698275,1.0
0.4269951222768464,5.642015955053678,0.004871041670777048,1.0
7.9744645974030615,-0.1929105975244045,0.08561833131715368,1.0
2.2135911455949264,-2.1906692027751924,0.05399333842988248,1.0
2.6066352160404223,-2.719936001072969,-0.03279663894760234,1.0
3.7847151379043944,-3.760619547274842,0.11016578318459438,1.0
1.2817025744107866,-2.4242122214578194,0.09305737726459241,1.0
1.4563282054132338,4.914501940936161,0.03607708479484622,1.0
-4.755912535865028,0.27991975582378614,0.050812875877505485,1.0
-3.2384624292518693,2.8286128547202107,-0.05149443047559922,1.0
-1.1630443512698956,-2.7369073335372867,-0.050334872456774926,1.0
0.29100670399336304,8.11551831772184,-0.05053451188357046,1.0
-3.5343959501348006,2.497041768094693,0.15035914130300487,1.0
6.937200596606111,1.1069840466526155,-0.037659587798412525,1.0
2.188327163936802,4.20215915252458,0.02863715978343724,1.0
-0.7396390372528884,-4.282595078720528,-0.021684040693568062,1.0
-0.7784794786838953,-6.276731550113749,0.03200187605059526,1.0
1.4891744756438978,5.652522299293766,0.21811518830647017,1.0
4.056730509046854,2.8066513050990523,-0.09687952880373912,1.0
-0.7804328454409749,1.1716445963851594,-0.03858790939169866,0.0
3.187939011373225,-2.499159019790958,-0.06627899669116916,1.0
-5.5609180921639165,-3.3846085258087175,0.0035149823649142696,1.0
1.7112746475322531,-4.827670822366699,-0.17247793592936672,1.0
-2.9982476818907733,5.328250705979395,0.08713846319878193,1.0
-3.5429583456033518,-3.3357663965051563,-0.10576124781257545,1.0
3.688745747523426,2.863658023279411,-0.011827711090229875,1.0
-3.5769046150197004,1.4269945653472587,0.2943610263676435,1.0
-0.26836158675875527,0.2948456847547391,-0.05444254144989628,0.0
-3.1458796599202006,1.6082889091483878,-0.1325930420736273,1.0
0.7719138576020005,6.919422612388795,0.037266661497489056,1.0
-4.751453433465606,2.2481811187012117,0.019824500422229427,1.0
-2.397183919094818,-3.1805756268056418,-5.4672289879861076e-05,1.0
-7.245006707329527,0.07068562078057303,-0.1221733780942434,1.0
6.823328959087435,-1.9346130608171486,-0.14058838439831287,1.0
3.0882153749632457,-5.13186194202712,0.04487436170312095,1.0
-1.9667882969215316,-2.3570769972739916,0.026718198250786297,1.0
2.6520922177274118,4.061565832965508,0.13810681970210809,1.0
-4.481296018569607,1.9181938105617666,-0.17802808050977492,1.0
-4.786323732600769,0.1999311989190624,0.10952159548694651,1.0
0.22738961567092347,-1.4159810605020045,0.12199215112990747,0.0
-3.345550970681122,0.8387307868496152,-0.010878978809437037,1.0
-6.034531148347279,0.3695044231889393,0.28887850901004725,1.0
3.192923395731518,-3.0924856128649805,-0.09877889759464892,1.0
0.3395983731407129,7.419723968937005,-0.055761671894398096,1.0
-2.9877081391907203,-1.9590317500539436,-0.004562656031593889,1.0
0.09368344904165762,-4.442299756715244,-0.0068129974300387254,1.0
-4.368586982738596,-1.325801679023961,-0.06206678257188221,1.0
0.30684989071032925,-4.8733479421275945,-0.12255595410805603,1.0
